,ARGENTINA,BRAZIL,URUGUAY,COLOMBIA
GK diving,71.31428571428572,70.06666666666666,70.8,62.22641509433962
GK handling,63.67619047619048,69.3,68.46666666666667,60.132075471698116
GK kicking,64.35238095238095,67.11666666666666,65.33333333333333,60.0377358490566
GK positioning,65.33333333333333,70.78333333333333,68.93333333333334,71.20754716981132
GK reflexes,71.95238095238095,72.3,72.86666666666666,72.58490566037736
